{"optimizer": "GNP", "lr": 0.001, "epochs": 200, "num_tasks": 100, "accuracies": [[0.9952153110047847, 0.9587628865979382, 0.9692307692307692, 0.9901477832512315, 0.9508196721311475, 0.9846938775510204, 0.9805825242718447, 0.9735449735449735, 0.9846153846153847, 0.957345971563981, 0.9764150943396226, 0.9863636363636363, 0.995, 0.9859154929577465, 0.968609865470852, 0.9658536585365853, 0.9858490566037735, 0.934010152284264, 0.9658536585365853, 0.9513513513513514, 0.9595959595959596, 0.9615384615384616, 0.9473684210526315, 0.9898477157360406, 0.9805825242718447, 0.8709677419354839, 0.9899497487437185, 0.9808612440191388, 0.9476439790575916, 0.9797979797979798, 0.9845360824742269, 0.9903846153846154, 0.9723502304147466, 0.975, 0.9514563106796117, 0.9732620320855615, 0.9796954314720813, 0.9222222222222223, 0.9838709677419355, 1.0, 0.9792746113989638, 0.99, 0.9753694581280788, 0.9282296650717703, 0.9895833333333334], [0.9952153110047847, 0.9639175257731959, 0.9897435897435898, 0.9901477832512315, 0.9726775956284153, 0.9744897959183674, 0.9902912621359223, 0.9841269841269841, 0.9692307692307692, 0.95260663507109, 0.9764150943396226, 0.9863636363636363, 0.995, 0.9906103286384976, 0.9730941704035875, 0.9853658536585366, 0.9905660377358491, 0.9441624365482234, 0.9804878048780488, 0.9459459459459459, 0.9393939393939394, 0.9615384615384616, 0.9421052631578948, 0.9949238578680203, 0.9902912621359223, 0.9354838709677419, 0.9798994974874372, 0.9521531100478469, 0.9214659685863874, 0.9545454545454546, 0.9639175257731959, 0.9855769230769231, 0.9815668202764977, 0.985, 0.970873786407767, 0.983957219251337, 0.9847715736040609, 0.9555555555555556, 0.978494623655914, 0.995260663507109, 0.9689119170984456, 0.995, 0.9802955665024631, 0.9521531100478469, 0.9635416666666666], [0.9856459330143541, 0.979381443298969, 0.9846153846153847, 0.9852216748768473, 0.9453551912568307, 0.9795918367346939, 0.9854368932038835, 0.9841269841269841, 0.9948717948717949, 0.985781990521327, 0.9622641509433962, 0.990909090909091, 0.98, 0.9530516431924883, 0.9865470852017937, 0.9658536585365853, 0.9905660377358491, 0.934010152284264, 0.9658536585365853, 0.9621621621621622, 0.9444444444444444, 0.9759615384615384, 0.9631578947368421, 0.9746192893401016, 0.9854368932038835, 0.9193548387096774, 0.9949748743718593, 0.9760765550239234, 0.9214659685863874, 0.9747474747474747, 0.9896907216494846, 0.9759615384615384, 0.9723502304147466, 0.995, 0.9660194174757282, 0.983957219251337, 0.9949238578680203, 0.9555555555555556, 0.9838709677419355, 1.0, 0.9792746113989638, 0.99, 0.9950738916256158, 0.8947368421052632, 0.9739583333333334], [0.9856459330143541, 1.0, 0.9538461538461539, 0.9852216748768473, 0.9726775956284153, 0.9744897959183674, 0.9805825242718447, 0.9947089947089947, 0.9846153846153847, 0.9620853080568721, 0.9858490566037735, 0.990909090909091, 0.99, 0.9859154929577465, 0.9820627802690582, 0.9804878048780488, 1.0, 0.9390862944162437, 0.9658536585365853, 0.9621621621621622, 0.9242424242424242, 0.9807692307692307, 0.9421052631578948, 0.9796954314720813, 0.9757281553398058, 0.8763440860215054, 0.9949748743718593, 0.9665071770334929, 0.9528795811518325, 0.9747474747474747, 0.9948453608247423, 0.9903846153846154, 0.9769585253456221, 0.995, 0.9514563106796117, 0.9572192513368984, 0.9695431472081218, 0.9388888888888889, 0.967741935483871, 0.990521327014218, 0.9896373056994818, 0.995, 1.0, 0.937799043062201, 0.9947916666666666], [0.9904306220095693, 0.9690721649484536, 0.9794871794871794, 0.9802955665024631, 0.9508196721311475, 0.9846938775510204, 0.9805825242718447, 0.9947089947089947, 0.9846153846153847, 0.976303317535545, 0.9858490566037735, 0.9954545454545455, 0.995, 0.9906103286384976, 0.9820627802690582, 0.9609756097560975, 0.9811320754716981, 0.9390862944162437, 0.9658536585365853, 0.9513513513513514, 0.9797979797979798, 0.9759615384615384, 0.9368421052631579, 0.9898477157360406, 0.9805825242718447, 0.9301075268817204, 0.9899497487437185, 0.9856459330143541, 0.9528795811518325, 0.9747474747474747, 0.979381443298969, 0.9759615384615384, 0.9815668202764977, 0.99, 0.8883495145631068, 0.9411764705882353, 0.9796954314720813, 0.9444444444444444, 0.967741935483871, 0.995260663507109, 0.9844559585492227, 0.995, 0.9852216748768473, 0.9330143540669856, 0.9583333333333334]]}