{"optimizer": "GNP", "lr": 0.01, "epochs": 200, "num_tasks": 100, "accuracies": [[1.0, 0.9845360824742269, 0.9897435897435898, 0.9950738916256158, 0.9890710382513661, 1.0, 0.9951456310679612, 1.0, 0.9948717948717949, 0.990521327014218, 0.9764150943396226, 0.990909090909091, 0.98, 1.0, 0.9910313901345291, 0.9951219512195122, 1.0, 0.9441624365482234, 0.9853658536585366, 0.9675675675675676, 0.98989898989899, 0.9951923076923077, 0.9736842105263158, 0.9949238578680203, 0.9902912621359223, 0.956989247311828, 0.9949748743718593, 0.9952153110047847, 0.9633507853403142, 0.9848484848484849, 1.0, 0.9951923076923077, 0.9861751152073732, 1.0, 0.9563106796116505, 0.9946524064171123, 1.0, 0.9833333333333333, 1.0, 1.0, 0.9792746113989638, 1.0, 1.0, 0.9473684210526315, 0.984375], [0.9952153110047847, 0.9948453608247423, 0.9948717948717949, 1.0, 0.9781420765027322, 1.0, 0.9951456310679612, 0.9894179894179894, 0.9846153846153847, 0.976303317535545, 0.9858490566037735, 0.990909090909091, 0.985, 0.9953051643192489, 0.9865470852017937, 0.9902439024390244, 0.9905660377358491, 0.949238578680203, 0.9707317073170731, 0.9891891891891892, 0.98989898989899, 0.9855769230769231, 0.9842105263157894, 0.9796954314720813, 0.9902912621359223, 0.978494623655914, 1.0, 0.9760765550239234, 0.9842931937172775, 0.98989898989899, 0.9896907216494846, 0.9951923076923077, 0.9769585253456221, 0.99, 0.970873786407767, 0.9893048128342246, 0.9847715736040609, 0.9888888888888889, 0.9946236559139785, 1.0, 0.9948186528497409, 1.0, 1.0, 0.9665071770334929, 0.9947916666666666], [0.9952153110047847, 0.9896907216494846, 0.9897435897435898, 0.9901477832512315, 0.994535519125683, 0.9897959183673469, 0.9902912621359223, 1.0, 0.9897435897435898, 0.976303317535545, 0.9764150943396226, 0.9954545454545455, 1.0, 0.9906103286384976, 0.9775784753363229, 0.9853658536585366, 1.0, 0.9796954314720813, 0.9853658536585366, 0.9837837837837838, 0.9595959595959596, 0.9759615384615384, 0.9894736842105263, 0.9949238578680203, 1.0, 0.9623655913978495, 0.9949748743718593, 0.9952153110047847, 0.9685863874345549, 0.9494949494949495, 0.9948453608247423, 0.9951923076923077, 1.0, 1.0, 0.9757281553398058, 0.9679144385026738, 0.9898477157360406, 0.9777777777777777, 0.989247311827957, 1.0, 0.9896373056994818, 1.0, 1.0, 0.9665071770334929, 0.9895833333333334], [1.0, 0.979381443298969, 0.9897435897435898, 1.0, 0.9836065573770492, 0.9948979591836735, 0.9951456310679612, 0.9894179894179894, 0.9948717948717949, 0.981042654028436, 0.9952830188679245, 0.9954545454545455, 0.985, 1.0, 0.9865470852017937, 0.9951219512195122, 1.0, 0.9746192893401016, 0.9658536585365853, 0.9891891891891892, 0.9848484848484849, 0.9759615384615384, 0.968421052631579, 0.9949238578680203, 0.9854368932038835, 0.967741935483871, 1.0, 0.9808612440191388, 0.9738219895287958, 0.9848484848484849, 1.0, 1.0, 0.9815668202764977, 0.995, 0.9757281553398058, 0.9893048128342246, 1.0, 0.9833333333333333, 0.9838709677419355, 1.0, 0.9896373056994818, 1.0, 1.0, 0.9617224880382775, 1.0], [1.0, 1.0, 0.9897435897435898, 1.0, 0.994535519125683, 0.9897959183673469, 0.9902912621359223, 1.0, 0.9948717948717949, 0.981042654028436, 0.9764150943396226, 0.9954545454545455, 0.99, 0.9953051643192489, 0.9910313901345291, 0.9853658536585366, 0.9905660377358491, 0.9644670050761421, 0.9804878048780488, 0.972972972972973, 0.98989898989899, 0.9759615384615384, 0.9789473684210527, 0.9949238578680203, 0.9805825242718447, 0.956989247311828, 0.9849246231155779, 0.9952153110047847, 0.9790575916230366, 0.9949494949494949, 0.9896907216494846, 0.9951923076923077, 0.9907834101382489, 0.985, 0.9757281553398058, 0.9786096256684492, 0.9949238578680203, 0.9666666666666667, 1.0, 1.0, 1.0, 1.0, 0.9950738916256158, 0.9808612440191388, 0.9947916666666666]]}