{"optimizer": "SAM", "lr": 0.001, "epochs": 100, "num_tasks": 100, "accuracies": [[0.9904306220095693, 0.9536082474226805, 0.9948717948717949, 0.9950738916256158, 0.9836065573770492, 0.9795918367346939, 0.9660194174757282, 0.9682539682539683, 0.8307692307692308, 0.9715639810426541, 0.9764150943396226, 0.9818181818181818, 0.985, 0.9906103286384976, 0.968609865470852, 0.9804878048780488, 0.9905660377358491, 0.9238578680203046, 0.9609756097560975, 0.972972972972973, 0.9696969696969697, 0.9615384615384616, 0.8842105263157894, 0.9796954314720813, 0.9854368932038835, 0.8763440860215054, 1.0, 0.9808612440191388, 0.8743455497382199, 0.9646464646464646, 1.0, 0.9711538461538461, 0.9907834101382489, 0.985, 0.941747572815534, 0.9679144385026738, 0.9898477157360406, 0.9777777777777777, 0.9838709677419355, 0.995260663507109, 0.9792746113989638, 0.995, 0.9852216748768473, 0.9138755980861244, 0.9635416666666666], [0.9952153110047847, 0.979381443298969, 0.9846153846153847, 0.9950738916256158, 1.0, 0.9948979591836735, 0.9805825242718447, 0.9788359788359788, 0.9794871794871794, 0.919431279620853, 0.9858490566037735, 0.9863636363636363, 0.99, 0.9906103286384976, 0.9775784753363229, 0.9853658536585366, 0.9811320754716981, 0.934010152284264, 0.9902439024390244, 0.9459459459459459, 0.9494949494949495, 0.9855769230769231, 0.9578947368421052, 0.9847715736040609, 0.9854368932038835, 0.9247311827956989, 0.9899497487437185, 0.9808612440191388, 0.9319371727748691, 0.9848484848484849, 0.9690721649484536, 0.9903846153846154, 0.9815668202764977, 0.98, 0.9514563106796117, 0.983957219251337, 0.9898477157360406, 0.95, 0.967741935483871, 0.990521327014218, 0.9896373056994818, 0.985, 0.9950738916256158, 0.9521531100478469, 0.9895833333333334], [0.9952153110047847, 0.979381443298969, 0.9743589743589743, 0.9950738916256158, 0.9672131147540983, 0.9846938775510204, 1.0, 0.9841269841269841, 0.9897435897435898, 0.957345971563981, 0.9858490566037735, 0.9772727272727273, 0.915, 0.9765258215962441, 0.9820627802690582, 0.9853658536585366, 0.9811320754716981, 0.9035532994923858, 0.975609756097561, 0.9621621621621622, 0.9595959595959596, 0.9855769230769231, 0.9473684210526315, 0.9898477157360406, 0.9951456310679612, 0.8870967741935484, 0.9949748743718593, 0.9712918660287081, 0.93717277486911, 0.9595959595959596, 0.9845360824742269, 0.9903846153846154, 0.9815668202764977, 0.995, 0.941747572815534, 0.9518716577540107, 0.9847715736040609, 0.8944444444444445, 0.978494623655914, 0.995260663507109, 0.9689119170984456, 0.99, 0.9802955665024631, 0.9090909090909091, 0.9583333333333334], [1.0, 0.979381443298969, 0.9692307692307692, 0.9852216748768473, 0.9726775956284153, 0.9897959183673469, 0.9951456310679612, 0.9894179894179894, 0.8769230769230769, 0.9620853080568721, 0.9858490566037735, 0.9727272727272728, 0.985, 0.9765258215962441, 0.9461883408071748, 0.9804878048780488, 0.9858490566037735, 0.8883248730964467, 0.9707317073170731, 0.9405405405405406, 0.9292929292929293, 0.9759615384615384, 0.9473684210526315, 0.9898477157360406, 0.9660194174757282, 0.967741935483871, 0.9899497487437185, 0.9712918660287081, 0.9319371727748691, 0.9545454545454546, 0.979381443298969, 1.0, 0.9769585253456221, 0.98, 0.912621359223301, 0.9572192513368984, 0.9949238578680203, 0.9277777777777778, 0.9623655913978495, 1.0, 0.9844559585492227, 0.99, 0.9901477832512315, 0.9330143540669856, 0.96875], [0.9808612440191388, 0.9845360824742269, 0.9794871794871794, 0.9901477832512315, 0.9508196721311475, 0.9693877551020408, 0.9951456310679612, 0.9894179894179894, 0.9743589743589743, 0.976303317535545, 0.9764150943396226, 0.9954545454545455, 0.995, 0.9953051643192489, 0.9596412556053812, 0.9804878048780488, 0.9858490566037735, 0.9390862944162437, 0.9707317073170731, 0.9621621621621622, 0.9595959595959596, 0.9807692307692307, 0.8, 0.9644670050761421, 0.9757281553398058, 0.9086021505376344, 0.9949748743718593, 0.9665071770334929, 0.9162303664921466, 0.9595959595959596, 0.979381443298969, 0.9855769230769231, 0.9907834101382489, 0.99, 0.9271844660194175, 0.9732620320855615, 0.9949238578680203, 0.9611111111111111, 0.967741935483871, 0.990521327014218, 0.9948186528497409, 0.99, 0.9852216748768473, 0.9330143540669856, 0.9739583333333334]]}