{"optimizer": "SAM", "lr": 0.01, "epochs": 100, "num_tasks": 100, "accuracies": [[0.9952153110047847, 0.9948453608247423, 0.9846153846153847, 0.9950738916256158, 0.9836065573770492, 0.9948979591836735, 0.9854368932038835, 0.9894179894179894, 1.0, 0.9715639810426541, 0.9905660377358491, 0.990909090909091, 0.99, 0.9906103286384976, 0.9910313901345291, 0.9609756097560975, 0.9952830188679245, 0.6142131979695431, 0.424390243902439, 0.6054054054054054, 0.9646464646464646, 0.9711538461538461, 0.5368421052631579, 0.9847715736040609, 0.970873786407767, 0.6182795698924731, 0.9899497487437185, 0.9425837320574163, 0.6230366492146597, 0.98989898989899, 0.9329896907216495, 0.9855769230769231, 0.8018433179723502, 0.96, 0.5145631067961165, 0.9625668449197861, 0.9847715736040609, 0.7944444444444444, 0.978494623655914, 1.0, 0.5854922279792746, 0.995, 0.9802955665024631, 0.8851674641148325, 0.9635416666666666], [0.9904306220095693, 0.9742268041237113, 0.9948717948717949, 0.9901477832512315, 1.0, 0.9948979591836735, 0.9805825242718447, 1.0, 0.958974358974359, 1.0, 0.9952830188679245, 0.990909090909091, 1.0, 0.9859154929577465, 0.9730941704035875, 0.9853658536585366, 0.9811320754716981, 0.9593908629441624, 0.975609756097561, 0.9837837837837838, 0.9494949494949495, 0.9759615384615384, 0.9421052631578948, 0.9796954314720813, 0.9854368932038835, 0.8494623655913979, 0.9849246231155779, 0.9712918660287081, 0.7643979057591623, 0.9444444444444444, 0.979381443298969, 0.9855769230769231, 0.9815668202764977, 0.995, 0.9611650485436893, 1.0, 0.9898477157360406, 0.8944444444444445, 0.946236559139785, 0.995260663507109, 0.9844559585492227, 0.995, 0.9901477832512315, 0.9043062200956937, 0.5520833333333334], [1.0, 0.9948453608247423, 0.9948717948717949, 0.9802955665024631, 0.9890710382513661, 0.9897959183673469, 0.9951456310679612, 0.9894179894179894, 0.9897435897435898, 0.995260663507109, 0.9858490566037735, 0.9863636363636363, 0.995, 0.9953051643192489, 0.9865470852017937, 0.9512195121951219, 0.9858490566037735, 0.9593908629441624, 0.9707317073170731, 0.9783783783783784, 0.9747474747474747, 0.9423076923076923, 0.9210526315789473, 0.9898477157360406, 0.9563106796116505, 0.7956989247311828, 0.9798994974874372, 0.9808612440191388, 0.6858638743455497, 0.9646464646464646, 0.9639175257731959, 0.9759615384615384, 0.9631336405529954, 0.945, 0.9514563106796117, 0.9679144385026738, 0.9898477157360406, 0.9555555555555556, 0.9516129032258065, 1.0, 0.9689119170984456, 1.0, 0.9802955665024631, 0.9521531100478469, 0.96875], [1.0, 0.9845360824742269, 1.0, 0.9950738916256158, 0.9890710382513661, 0.9744897959183674, 0.9757281553398058, 1.0, 0.9897435897435898, 0.966824644549763, 0.9858490566037735, 0.9954545454545455, 0.995, 0.9906103286384976, 0.9775784753363229, 0.9609756097560975, 0.9952830188679245, 0.934010152284264, 0.9902439024390244, 0.9783783783783784, 0.9646464646464646, 0.9711538461538461, 0.9315789473684211, 0.9796954314720813, 0.9563106796116505, 0.8978494623655914, 0.9899497487437185, 0.9760765550239234, 0.9319371727748691, 0.9494949494949495, 0.9484536082474226, 0.8173076923076923, 0.9631336405529954, 0.54, 0.5776699029126213, 0.9625668449197861, 0.9898477157360406, 0.7222222222222222, 0.967741935483871, 0.981042654028436, 0.927461139896373, 0.99, 0.9901477832512315, 0.9282296650717703, 0.53125], [1.0, 1.0, 0.9897435897435898, 0.9950738916256158, 0.994535519125683, 1.0, 0.9854368932038835, 0.9259259259259259, 0.9846153846153847, 0.9478672985781991, 0.9622641509433962, 0.9818181818181818, 0.995, 0.9906103286384976, 0.9865470852017937, 0.9463414634146341, 0.9858490566037735, 0.8730964467005076, 0.9853658536585366, 0.9891891891891892, 0.98989898989899, 0.9711538461538461, 0.6157894736842106, 0.9796954314720813, 0.970873786407767, 0.9516129032258065, 1.0, 0.9856459330143541, 0.6649214659685864, 0.8838383838383839, 0.9896907216494846, 0.9615384615384616, 0.9815668202764977, 0.96, 0.8300970873786407, 0.9732620320855615, 0.9847715736040609, 0.8333333333333334, 0.9731182795698925, 0.990521327014218, 0.9740932642487047, 0.995, 0.9802955665024631, 0.9330143540669856, 0.5885416666666666]]}