{"optimizer": "SGD", "lr": 0.01, "epochs": 100, "num_tasks": 100, "accuracies": [[0.9952153110047847, 0.9948453608247423, 1.0, 1.0, 0.994535519125683, 0.9897959183673469, 0.9951456310679612, 1.0, 0.9948717948717949, 0.9715639810426541, 1.0, 0.9954545454545455, 0.99, 1.0, 0.9910313901345291, 0.9804878048780488, 0.9952830188679245, 0.9796954314720813, 0.9951219512195122, 0.9675675675675676, 0.98989898989899, 0.9759615384615384, 0.9736842105263158, 0.9847715736040609, 0.9951456310679612, 0.946236559139785, 0.9949748743718593, 0.9904306220095693, 0.9633507853403142, 0.9797979797979798, 0.9742268041237113, 0.9903846153846154, 0.9907834101382489, 0.995, 0.9805825242718447, 0.983957219251337, 0.9949238578680203, 0.9722222222222222, 0.9946236559139785, 0.995260663507109, 0.9896373056994818, 1.0, 0.9950738916256158, 0.9665071770334929, 0.984375], [0.9952153110047847, 0.9948453608247423, 0.9897435897435898, 0.9950738916256158, 0.9890710382513661, 0.9897959183673469, 1.0, 1.0, 1.0, 1.0, 0.9858490566037735, 0.9954545454545455, 0.985, 1.0, 1.0, 0.9902439024390244, 0.9858490566037735, 0.9695431472081218, 0.9804878048780488, 0.9459459459459459, 0.9848484848484849, 0.9807692307692307, 0.9947368421052631, 0.9898477157360406, 0.9902912621359223, 0.967741935483871, 1.0, 0.9856459330143541, 0.9581151832460733, 0.9747474747474747, 0.9948453608247423, 0.9903846153846154, 0.9769585253456221, 0.99, 1.0, 0.9732620320855615, 0.9949238578680203, 0.9833333333333333, 0.978494623655914, 1.0, 1.0, 0.995, 0.9852216748768473, 0.9665071770334929, 1.0], [0.9952153110047847, 0.9948453608247423, 0.9948717948717949, 0.9901477832512315, 0.994535519125683, 0.9948979591836735, 0.9854368932038835, 1.0, 0.9948717948717949, 0.976303317535545, 0.9811320754716981, 0.990909090909091, 1.0, 1.0, 0.9775784753363229, 0.9804878048780488, 0.9952830188679245, 0.9695431472081218, 0.9804878048780488, 0.9783783783783784, 0.98989898989899, 1.0, 0.9947368421052631, 0.9898477157360406, 1.0, 0.967741935483871, 1.0, 0.9904306220095693, 0.9738219895287958, 0.9696969696969697, 0.9845360824742269, 0.9855769230769231, 0.967741935483871, 0.99, 0.9757281553398058, 0.9625668449197861, 1.0, 0.9944444444444445, 0.9838709677419355, 1.0, 0.9896373056994818, 0.995, 0.9901477832512315, 0.9712918660287081, 0.9739583333333334], [1.0, 0.9948453608247423, 0.9794871794871794, 1.0, 0.9890710382513661, 0.9948979591836735, 0.9951456310679612, 1.0, 1.0, 0.995260663507109, 0.9858490566037735, 0.9954545454545455, 0.99, 0.9953051643192489, 0.9910313901345291, 0.9853658536585366, 0.9952830188679245, 0.9695431472081218, 0.9804878048780488, 0.9891891891891892, 0.9646464646464646, 0.9855769230769231, 0.9736842105263158, 0.9949238578680203, 0.9951456310679612, 0.9623655913978495, 0.9899497487437185, 0.9856459330143541, 0.9633507853403142, 0.98989898989899, 0.9845360824742269, 0.9759615384615384, 0.9815668202764977, 0.99, 0.9854368932038835, 0.9679144385026738, 1.0, 0.9722222222222222, 0.967741935483871, 1.0, 0.9896373056994818, 1.0, 0.9852216748768473, 0.9521531100478469, 0.9583333333333334], [0.9952153110047847, 0.9896907216494846, 0.9948717948717949, 0.9950738916256158, 1.0, 0.9897959183673469, 0.9854368932038835, 1.0, 0.9743589743589743, 0.990521327014218, 0.9811320754716981, 0.9954545454545455, 1.0, 1.0, 0.9910313901345291, 1.0, 0.9952830188679245, 0.9593908629441624, 0.9853658536585366, 0.972972972972973, 0.9747474747474747, 0.9807692307692307, 0.9736842105263158, 0.9898477157360406, 0.9902912621359223, 0.956989247311828, 0.9949748743718593, 0.9808612440191388, 0.9842931937172775, 0.9797979797979798, 0.9845360824742269, 0.9759615384615384, 0.9861751152073732, 1.0, 0.9805825242718447, 0.9946524064171123, 0.9898477157360406, 0.9777777777777777, 0.9946236559139785, 1.0, 0.9844559585492227, 0.99, 0.9950738916256158, 0.9712918660287081, 0.96875]]}