{"optimizer": "SGD", "lr": 0.001, "epochs": 100, "num_tasks": 45, "accuracies": [[0.9904306220095693, 0.9742268041237113, 0.9897435897435898, 0.9950738916256158, 0.9781420765027322, 0.9897959183673469, 0.9951456310679612, 0.9894179894179894, 1.0, 0.981042654028436, 0.9952830188679245, 0.9863636363636363, 0.99, 1.0, 0.9955156950672646, 0.9951219512195122, 0.9811320754716981, 0.9543147208121827, 0.9853658536585366, 0.9783783783783784, 0.9646464646464646, 0.9759615384615384, 0.9631578947368421, 0.9847715736040609, 1.0, 0.9516129032258065, 0.9949748743718593, 0.9856459330143541, 0.9790575916230366, 0.9747474747474747, 0.9948453608247423, 0.9807692307692307, 0.9953917050691244, 0.995, 0.9368932038834952, 0.9732620320855615, 0.9949238578680203, 0.9722222222222222, 0.9946236559139785, 1.0, 0.9844559585492227, 1.0, 0.9950738916256158, 0.9760765550239234, 0.9895833333333334], [0.9904306220095693, 0.9639175257731959, 0.9897435897435898, 0.9852216748768473, 0.9890710382513661, 0.9846938775510204, 0.9902912621359223, 1.0, 0.9948717948717949, 0.976303317535545, 0.9905660377358491, 0.9636363636363636, 0.985, 0.9953051643192489, 0.9820627802690582, 0.9853658536585366, 0.9905660377358491, 0.9543147208121827, 0.975609756097561, 0.9621621621621622, 0.9696969696969697, 0.9903846153846154, 0.9578947368421052, 0.9847715736040609, 0.9854368932038835, 0.9354838709677419, 1.0, 0.9712918660287081, 0.9738219895287958, 0.9797979797979798, 0.9845360824742269, 0.9903846153846154, 0.9953917050691244, 0.985, 0.9368932038834952, 0.9946524064171123, 0.9949238578680203, 0.9444444444444444, 0.9731182795698925, 1.0, 0.9896373056994818, 0.99, 0.9901477832512315, 0.937799043062201, 0.9895833333333334], [0.9904306220095693, 1.0, 0.9948717948717949, 0.9950738916256158, 0.9726775956284153, 0.9897959183673469, 0.9951456310679612, 1.0, 0.9897435897435898, 0.9715639810426541, 0.9811320754716981, 1.0, 1.0, 1.0, 0.9910313901345291, 0.9853658536585366, 0.9858490566037735, 0.9441624365482234, 0.975609756097561, 0.9783783783783784, 0.98989898989899, 0.9759615384615384, 0.9789473684210527, 0.9898477157360406, 0.9854368932038835, 0.9623655913978495, 0.9949748743718593, 0.9808612440191388, 0.9476439790575916, 0.9595959595959596, 0.9948453608247423, 0.9663461538461539, 0.9907834101382489, 0.985, 0.9757281553398058, 0.9625668449197861, 0.9949238578680203, 0.9833333333333333, 0.978494623655914, 1.0, 0.9740932642487047, 1.0, 0.9950738916256158, 0.9569377990430622, 0.9791666666666666], [0.9952153110047847, 0.979381443298969, 0.9846153846153847, 0.9950738916256158, 0.9890710382513661, 1.0, 0.9902912621359223, 0.9947089947089947, 0.9846153846153847, 0.981042654028436, 0.9858490566037735, 0.9818181818181818, 0.98, 0.971830985915493, 0.9775784753363229, 0.9804878048780488, 0.9952830188679245, 0.9695431472081218, 0.9609756097560975, 0.9783783783783784, 0.98989898989899, 0.9759615384615384, 0.9789473684210527, 0.9847715736040609, 0.9951456310679612, 0.946236559139785, 0.9949748743718593, 0.9760765550239234, 0.9528795811518325, 0.9747474747474747, 0.9896907216494846, 0.9903846153846154, 0.9907834101382489, 0.99, 0.9660194174757282, 0.9732620320855615, 0.9898477157360406, 0.9833333333333333, 0.978494623655914, 0.995260663507109, 0.9844559585492227, 0.995, 0.9950738916256158, 0.9569377990430622, 0.9791666666666666], [0.9952153110047847, 0.9845360824742269, 0.9846153846153847, 0.9950738916256158, 0.9836065573770492, 0.9897959183673469, 0.9902912621359223, 0.9947089947089947, 0.9948717948717949, 0.9715639810426541, 0.9952830188679245, 0.9954545454545455, 0.995, 0.9906103286384976, 0.9910313901345291, 0.9804878048780488, 0.9858490566037735, 0.9644670050761421, 0.975609756097561, 0.972972972972973, 1.0, 0.9807692307692307, 0.9842105263157894, 0.9746192893401016, 1.0, 0.956989247311828, 0.9949748743718593, 0.9904306220095693, 0.9528795811518325, 0.9949494949494949, 0.9896907216494846, 0.9903846153846154, 0.9723502304147466, 0.98, 0.9757281553398058, 0.983957219251337, 0.9847715736040609, 0.9777777777777777, 0.989247311827957, 0.995260663507109, 0.9948186528497409, 0.995, 0.9950738916256158, 0.9665071770334929, 0.9635416666666666]]}